Mode,mAP,Processing time ratio
CLIP,0.17706385983856243,1.2071850991573987
