Mode,AP,Process time
"Detector con reglas, MLLM e información",0.766818317611131,13.877840225393308
"Detector, MLLM e informacion",0.49987032877929144,4.206664743938928
