Mode,AP,Process time
Detector + MLLM + Information ,0.5264286753789786,5.884836389125738
Detector + Rules,0.49199746663381866,1.0210996264689136
Detector + Rules + MLLM,0.8026574468234167,1.839562786874136
Detector + Rules + MLLM + Information,0.7374827782235829,1.8919249989996973
MLLM,0.6116861343301061,5.103976624220006
