Mode,AP,Process time
Detector con reglas ,0.49199746663381866,28.7255364462086
Detector con reglas y MLLM,0.7719816848774568,15.839551931133483
"Detector con reglas, MLLM e información",0.766818317611131,13.877840225393308
"Detector, MLLM e informacion",0.49987032877929144,4.206664743938928
MMLM Solo,0.590123243883506,5.8719850364305035
