Mode,AP,Process time
"Detector con reglas, MLLM e información",0.7374827782235829,15.856865370382899
"Detector, MLLM e informacion",0.5264286753789786,5.097847759274214
