Mode,AP,Process time
Detector + MLLM + Information ,0.45838883399357555,4.595218769076041
Detector + Rules,0.516510323845415,30.48941007176554
Detector + Rules + MLLM,0.7569807806793764,15.91755383467883
Detector + Rules + MLLM + Information,0.741633599935734,14.266308420955662
MLLM,0.5793424332319539,6.170397124931528
