Mode,AP,Process time
Detector con reglas ,0.428607356855314,28.936777892273934
Detector con reglas y MLLM,0.6701794625273568,11.765850357425155
"Detector con reglas, MLLM e información",0.5773735760607815,10.536475871061944
"Detector, MLLM e informacion",0.46317119058533696,4.425405763740983
MMLM Solo,0.5401896139462097,5.809885820402066
