Mode,AP,Process time
Detector con reglas ,0.516510323845415,30.489410071765537
Detector con reglas y MLLM,0.7569807806793764,15.91755383467883
"Detector con reglas, MLLM e información",0.741633599935734,14.266308420955662
"Detector, MLLM e informacion",0.45838883399357555,4.595218769076041
MMLM Solo,0.5793424332319539,6.170397124931528
