Video,Intervals mean,Distance,Frame
2_088_1.mp4,-0.5106637679135579,190.77997798511248,660
